-- File: be/src/main/resources/data.sql
  (3, 'Xét nghiệm máu cơ bản', 150000.00),
  (4, 'Tiêm chủng', 100000.00),
  (5, 'Khám chuyên khoa tim mạch', 300000.00),
  (6, 'Khám nhi', 180000.00);

-- Lịch hẹn (6 bản ghi)
INSERT INTO lich_hen (id, benh_nhan_id, bac_si_id, dich_vu_id, ngay_gio, trang_thai) VALUES
  (1, 1, 1, 1, '2026-05-10 09:00:00', 'Đã đặt'),
  (2, 2, 2, 4, '2026-05-11 10:30:00', 'Đã đặt'),
  (3, 3, 3, 2, '2026-05-12 14:00:00', 'Đã đặt'),
  (4, 4, 4, 6, '2026-05-13 08:30:00', 'Hủy'),
  (5, 5, 5, 5, '2026-05-14 16:00:00', 'Đã đặt'),
  (6, 6, 6, 3, '2026-05-15 11:00:00', 'Hoàn tất');

-- Thanh toán (6 bản ghi)
INSERT INTO thanh_toan (id, lich_hen_id, so_tien, phuong_thuc, ngay_thanh_toan) VALUES
  (1, 1, 200000.00, 'Tiền mặt', '2026-05-10 09:30:00'),
  (2, 2, 100000.00, 'Thẻ tín dụng', '2026-05-11 11:00:00'),
  (3, 3, 350000.00, 'Chuyển khoản', '2026-05-12 14:30:00'),
  (4, 4, 0.00, 'Không', NULL),
  (5, 5, 300000.00, 'Tiền mặt', '2026-05-14 16:30:00'),
  (6, 6, 150000.00, 'Ví điện tử', '2026-05-15 11:30:00');

-- Kết thúc file dữ liệu mẫu
-- Realistic seed data for clinic management system (MySQL 8+)
-- Notes:
-- 1) UUID columns generated by JPA are typically BINARY(16) on MySQL with Hibernate.
--    This script uses UUID_TO_BIN for those columns.
-- 2) Insert order follows FK dependencies.
-- 3) Role table has exactly 3 values: ADMIN, DOCTOR, PATIENT.

SET FOREIGN_KEY_CHECKS = 0;

TRUNCATE TABLE user_role;
TRUNCATE TABLE admin;
TRUNCATE TABLE doctor_certificate;
TRUNCATE TABLE review;
TRUNCATE TABLE medical_record;
TRUNCATE TABLE prescription_detail;
TRUNCATE TABLE prescription;
TRUNCATE TABLE appointment;
TRUNCATE TABLE schedule;
TRUNCATE TABLE doctor;
TRUNCATE TABLE patient;
TRUNCATE TABLE users;
TRUNCATE TABLE role;
TRUNCATE TABLE specialty;
TRUNCATE TABLE payments;
TRUNCATE TABLE banners;
TRUNCATE TABLE news_articles;
TRUNCATE TABLE medical_services;
TRUNCATE TABLE notifications;
TRUNCATE TABLE settings;
TRUNCATE TABLE audit_logs;
TRUNCATE TABLE invalidate_token;

SET FOREIGN_KEY_CHECKS = 1;

-- =========================
-- 1) MASTER DATA
-- =========================

INSERT INTO role (id, role_name, description) VALUES
(1, 'ADMIN', 'System administrator'),
(2, 'DOCTOR', 'Doctor account'),
(3, 'PATIENT', 'Patient account');

INSERT INTO specialty (id, name, icon, description) VALUES
(1, 'Internal Medicine', 'stethoscope', 'General and chronic disease management'),
(2, 'Cardiology', 'cardiology', 'Heart and blood vessel diseases'),
(3, 'Dermatology', 'dermatology', 'Skin, hair, and nail care'),
(4, 'Pediatrics', 'child_care', 'Healthcare for infants and children'),
(5, 'Neurology', 'neurology', 'Brain and nervous system care');

-- 10 users total
-- U1-U5: doctor + admin accounts
-- U6-U10: patient accounts
INSERT INTO users (id, username, password, avatar_url, status, created_at) VALUES
(UUID_TO_BIN('11111111-1111-1111-1111-111111111111'), 'dr.minh', '$2a$10$N9qo8uLOickgx2ZMRZoMyeIjZAgcfl7p92ldGxad68LJZdL17lhWy', 'https://images.unsplash.com/photo-1612349317150-e413f6a5b16d', 'ACTIVE', NOW()),
(UUID_TO_BIN('22222222-2222-2222-2222-222222222222'), 'dr.hoa', '$2a$10$N9qo8uLOickgx2ZMRZoMyeIjZAgcfl7p92ldGxad68LJZdL17lhWy', 'https://images.unsplash.com/photo-1559839734-2b71ea197ec2', 'ACTIVE', NOW()),
(UUID_TO_BIN('33333333-3333-3333-3333-333333333333'), 'dr.quan', '$2a$10$N9qo8uLOickgx2ZMRZoMyeIjZAgcfl7p92ldGxad68LJZdL17lhWy', 'https://images.unsplash.com/photo-1614436163996-25cee5f54290', 'ACTIVE', NOW()),
(UUID_TO_BIN('44444444-4444-4444-4444-444444444444'), 'dr.lan', '$2a$10$N9qo8uLOickgx2ZMRZoMyeIjZAgcfl7p92ldGxad68LJZdL17lhWy', 'https://images.unsplash.com/photo-1651008376811-b90baee60c1f', 'ACTIVE', NOW()),
(UUID_TO_BIN('55555555-5555-5555-5555-555555555555'), 'dr.phuc', '$2a$10$N9qo8uLOickgx2ZMRZoMyeIjZAgcfl7p92ldGxad68LJZdL17lhWy', 'https://images.unsplash.com/photo-1622253692010-333f2da6031d', 'ACTIVE', NOW()),
(UUID_TO_BIN('66666666-6666-6666-6666-666666666666'), 'pt.ngocanh', '$2a$10$N9qo8uLOickgx2ZMRZoMyeIjZAgcfl7p92ldGxad68LJZdL17lhWy', 'https://images.unsplash.com/photo-1494790108377-be9c29b29330', 'ACTIVE', NOW()),
(UUID_TO_BIN('77777777-7777-7777-7777-777777777777'), 'pt.minhchau', '$2a$10$N9qo8uLOickgx2ZMRZoMyeIjZAgcfl7p92ldGxad68LJZdL17lhWy', 'https://images.unsplash.com/photo-1507003211169-0a1dd7228f2d', 'ACTIVE', NOW()),
(UUID_TO_BIN('88888888-8888-8888-8888-888888888888'), 'pt.huyhoang', '$2a$10$N9qo8uLOickgx2ZMRZoMyeIjZAgcfl7p92ldGxad68LJZdL17lhWy', 'https://images.unsplash.com/photo-1500648767791-00dcc994a43e', 'ACTIVE', NOW()),
(UUID_TO_BIN('99999999-9999-9999-9999-999999999999'), 'pt.thuthao', '$2a$10$N9qo8uLOickgx2ZMRZoMyeIjZAgcfl7p92ldGxad68LJZdL17lhWy', 'https://images.unsplash.com/photo-1487412720507-e7ab37603c6f', 'ACTIVE', NOW()),
(UUID_TO_BIN('aaaaaaaa-aaaa-aaaa-aaaa-aaaaaaaaaaaa'), 'pt.giabao', '$2a$10$N9qo8uLOickgx2ZMRZoMyeIjZAgcfl7p92ldGxad68LJZdL17lhWy', 'https://images.unsplash.com/photo-1506794778202-cad84cf45f1d', 'ACTIVE', NOW());

-- user_role mappings (resolve role_id by role_name to avoid FK issues when IDs differ)
INSERT INTO user_role (user_id, role_id)
SELECT m.user_id, r.id
FROM (
	SELECT UUID_TO_BIN('11111111-1111-1111-1111-111111111111') AS user_id, 'ADMIN' AS role_name
	UNION ALL SELECT UUID_TO_BIN('11111111-1111-1111-1111-111111111111'), 'DOCTOR'
	UNION ALL SELECT UUID_TO_BIN('22222222-2222-2222-2222-222222222222'), 'ADMIN'
	UNION ALL SELECT UUID_TO_BIN('22222222-2222-2222-2222-222222222222'), 'DOCTOR'
	UNION ALL SELECT UUID_TO_BIN('33333333-3333-3333-3333-333333333333'), 'ADMIN'
	UNION ALL SELECT UUID_TO_BIN('33333333-3333-3333-3333-333333333333'), 'DOCTOR'
	UNION ALL SELECT UUID_TO_BIN('44444444-4444-4444-4444-444444444444'), 'ADMIN'
	UNION ALL SELECT UUID_TO_BIN('44444444-4444-4444-4444-444444444444'), 'DOCTOR'
	UNION ALL SELECT UUID_TO_BIN('55555555-5555-5555-5555-555555555555'), 'ADMIN'
	UNION ALL SELECT UUID_TO_BIN('55555555-5555-5555-5555-555555555555'), 'DOCTOR'
	UNION ALL SELECT UUID_TO_BIN('66666666-6666-6666-6666-666666666666'), 'PATIENT'
	UNION ALL SELECT UUID_TO_BIN('77777777-7777-7777-7777-777777777777'), 'PATIENT'
	UNION ALL SELECT UUID_TO_BIN('88888888-8888-8888-8888-888888888888'), 'PATIENT'
	UNION ALL SELECT UUID_TO_BIN('99999999-9999-9999-9999-999999999999'), 'PATIENT'
	UNION ALL SELECT UUID_TO_BIN('aaaaaaaa-aaaa-aaaa-aaaa-aaaaaaaaaaaa'), 'PATIENT'
) m
JOIN role r ON r.role_name = m.role_name;

-- 5 admins
INSERT INTO admin (id, full_name, phone, department, user_id) VALUES
(UUID_TO_BIN('b1111111-1111-1111-1111-111111111111'), 'Nguyen Van Minh', '0901001001', 'Operations', UUID_TO_BIN('11111111-1111-1111-1111-111111111111')),
(UUID_TO_BIN('b2222222-2222-2222-2222-222222222222'), 'Tran Thi Hoa', '0901001002', 'Customer Service', UUID_TO_BIN('22222222-2222-2222-2222-222222222222')),
(UUID_TO_BIN('b3333333-3333-3333-3333-333333333333'), 'Le Quang Quan', '0901001003', 'Operations', UUID_TO_BIN('33333333-3333-3333-3333-333333333333')),
(UUID_TO_BIN('b4444444-4444-4444-4444-444444444444'), 'Pham Ngoc Lan', '0901001004', 'Compliance', UUID_TO_BIN('44444444-4444-4444-4444-444444444444')),
(UUID_TO_BIN('b5555555-5555-5555-5555-555555555555'), 'Vo Duc Phuc', '0901001005', 'Operations', UUID_TO_BIN('55555555-5555-5555-5555-555555555555'));

-- 5 doctors
INSERT INTO doctor (id, full_name, degree, avatar_url, bio, experience_years, clinic_fee, license_number, phone, user_id, specialty_id) VALUES
(UUID_TO_BIN('d1111111-1111-1111-1111-111111111111'), 'Dr. Nguyen Van Minh', 'MD, MSc Internal Medicine', 'https://images.unsplash.com/photo-1537368910025-700350fe46c7', 'Focused on chronic disease and preventive care.', 11, 250000, 'VN-LIC-IM-2020-001', '0912001001', UUID_TO_BIN('11111111-1111-1111-1111-111111111111'), 1),
(UUID_TO_BIN('d2222222-2222-2222-2222-222222222222'), 'Dr. Tran Thi Hoa', 'MD Cardiology', 'https://images.unsplash.com/photo-1594824475544-3f3e7f4f4f11', 'Specialized in hypertension and arrhythmia.', 9, 350000, 'VN-LIC-CD-2021-015', '0912001002', UUID_TO_BIN('22222222-2222-2222-2222-222222222222'), 2),
(UUID_TO_BIN('d3333333-3333-3333-3333-333333333333'), 'Dr. Le Quang Quan', 'MD Dermatology', 'https://images.unsplash.com/photo-1612531385446-f7b6b8f6f1b3', 'Treats acne, eczema, and skin infections.', 8, 280000, 'VN-LIC-DM-2021-024', '0912001003', UUID_TO_BIN('33333333-3333-3333-3333-333333333333'), 3),
(UUID_TO_BIN('d4444444-4444-4444-4444-444444444444'), 'Dr. Pham Ngoc Lan', 'MD Pediatrics', 'https://images.unsplash.com/photo-1594824388853-d0c7f5f98b7d', 'Pediatric care and vaccination follow-up.', 10, 300000, 'VN-LIC-PD-2019-032', '0912001004', UUID_TO_BIN('44444444-4444-4444-4444-444444444444'), 4),
(UUID_TO_BIN('d5555555-5555-5555-5555-555555555555'), 'Dr. Vo Duc Phuc', 'MD Neurology', 'https://images.unsplash.com/photo-1551601651-2a8555f1a136', 'Neurology clinic with focus on migraine and sleep disorders.', 12, 420000, 'VN-LIC-NL-2018-009', '0912001005', UUID_TO_BIN('55555555-5555-5555-5555-555555555555'), 5);

-- 5 patients
INSERT INTO patient (id, patient_code, full_name, phone, address, gender, blood_type, allergies, medical_history, dob, user_id) VALUES
(UUID_TO_BIN('e1111111-1111-1111-1111-111111111111'), 'PT000001', 'Nguyen Ngoc Anh', '0933001001', 'District 1, Ho Chi Minh City', 'FEMALE', 'A+', 'Penicillin', 'Mild asthma since childhood', '1995-03-20', UUID_TO_BIN('66666666-6666-6666-6666-666666666666')),
(UUID_TO_BIN('e2222222-2222-2222-2222-222222222222'), 'PT000002', 'Tran Minh Chau', '0933001002', 'District 7, Ho Chi Minh City', 'MALE', 'O+', 'None', 'Seasonal allergic rhinitis', '1992-11-05', UUID_TO_BIN('77777777-7777-7777-7777-777777777777')),
(UUID_TO_BIN('e3333333-3333-3333-3333-333333333333'), 'PT000003', 'Le Huy Hoang', '0933001003', 'Thu Duc, Ho Chi Minh City', 'MALE', 'B+', 'Seafood', 'Gastritis in 2023', '1989-08-14', UUID_TO_BIN('88888888-8888-8888-8888-888888888888')),
(UUID_TO_BIN('e4444444-4444-4444-4444-444444444444'), 'PT000004', 'Pham Thu Thao', '0933001004', 'Binh Thanh, Ho Chi Minh City', 'FEMALE', 'AB+', 'None', 'Hypothyroidism under medication', '1998-01-27', UUID_TO_BIN('99999999-9999-9999-9999-999999999999')),
(UUID_TO_BIN('e5555555-5555-5555-5555-555555555555'), 'PT000005', 'Vo Gia Bao', '0933001005', 'Go Vap, Ho Chi Minh City', 'MALE', 'O-', 'Dust allergy', 'No chronic diseases', '2001-06-11', UUID_TO_BIN('aaaaaaaa-aaaa-aaaa-aaaa-aaaaaaaaaaaa'));

-- =========================
-- 2) OPERATIONAL DATA
-- =========================

-- 10 schedules (doctor d111... has many schedules)
INSERT INTO schedule (id, work_date, start_time, end_time, max_patient, status, doctor_id) VALUES
(1, CURDATE() + INTERVAL 1 DAY,  '08:00:00', '11:30:00', 12, 'OPEN',   UUID_TO_BIN('d1111111-1111-1111-1111-111111111111')),
(2, CURDATE() + INTERVAL 2 DAY,  '08:00:00', '11:30:00', 12, 'OPEN',   UUID_TO_BIN('d1111111-1111-1111-1111-111111111111')),
(3, CURDATE() + INTERVAL 3 DAY,  '13:30:00', '17:00:00', 12, 'OPEN',   UUID_TO_BIN('d1111111-1111-1111-1111-111111111111')),
(4, CURDATE() + INTERVAL 4 DAY,  '08:00:00', '11:30:00', 12, 'OPEN',   UUID_TO_BIN('d1111111-1111-1111-1111-111111111111')),
(5, CURDATE() + INTERVAL 5 DAY,  '13:30:00', '17:00:00', 12, 'OPEN',   UUID_TO_BIN('d1111111-1111-1111-1111-111111111111')),
(6, CURDATE() + INTERVAL 6 DAY,  '08:00:00', '11:30:00', 12, 'OPEN',   UUID_TO_BIN('d1111111-1111-1111-1111-111111111111')),
(7, CURDATE() + INTERVAL 7 DAY,  '13:30:00', '17:00:00', 12, 'OPEN',   UUID_TO_BIN('d1111111-1111-1111-1111-111111111111')),
(8, CURDATE() + INTERVAL 8 DAY,  '08:00:00', '11:30:00', 12, 'OPEN',   UUID_TO_BIN('d1111111-1111-1111-1111-111111111111')),
(9, CURDATE() + INTERVAL 1 DAY,  '09:00:00', '12:00:00', 10, 'OPEN',   UUID_TO_BIN('d2222222-2222-2222-2222-222222222222')),
(10, CURDATE() + INTERVAL 2 DAY, '09:00:00', '12:00:00', 10, 'OPEN',   UUID_TO_BIN('d3333333-3333-3333-3333-333333333333'));

-- 10 appointments (schedule has many appointments)
INSERT INTO appointment (id, appointment_date, start_time, end_time, status, reason, notes, queue_number, appointment_type, schedule_id, patient_id, doctor_id) VALUES
(1, CURDATE() + INTERVAL 1 DAY, '08:00:00', '08:20:00', 'CONFIRMED', 'Annual checkup and blood pressure review', 'Patient reports occasional headache in morning.', 1, 'FIRST_VISIT', 1, UUID_TO_BIN('e1111111-1111-1111-1111-111111111111'), UUID_TO_BIN('d1111111-1111-1111-1111-111111111111')),
(2, CURDATE() + INTERVAL 1 DAY, '08:20:00', '08:40:00', 'CONFIRMED', 'Follow-up for asthma control', 'Bring recent spirometry result.', 2, 'REVISIT', 1, UUID_TO_BIN('e2222222-2222-2222-2222-222222222222'), UUID_TO_BIN('d1111111-1111-1111-1111-111111111111')),
(3, CURDATE() + INTERVAL 2 DAY, '08:00:00', '08:20:00', 'CONFIRMED', 'Digestive discomfort after meals', 'Symptoms for 3 weeks.', 1, 'FIRST_VISIT', 2, UUID_TO_BIN('e3333333-3333-3333-3333-333333333333'), UUID_TO_BIN('d1111111-1111-1111-1111-111111111111')),
(4, CURDATE() + INTERVAL 2 DAY, '08:20:00', '08:40:00', 'CONFIRMED', 'Thyroid medication adjustment', 'Wants dose reassessment.', 2, 'REVISIT', 2, UUID_TO_BIN('e4444444-4444-4444-4444-444444444444'), UUID_TO_BIN('d1111111-1111-1111-1111-111111111111')),
(5, CURDATE() + INTERVAL 3 DAY, '13:30:00', '13:50:00', 'PENDING', 'Skin rash recurring on arms', 'Photos uploaded from patient app.', 1, 'FIRST_VISIT', 3, UUID_TO_BIN('e5555555-5555-5555-5555-555555555555'), UUID_TO_BIN('d1111111-1111-1111-1111-111111111111')),
(6, CURDATE() + INTERVAL 4 DAY, '08:00:00', '08:20:00', 'CONFIRMED', 'Re-check blood test report', 'Discuss lifestyle plan.', 1, 'REVISIT', 4, UUID_TO_BIN('e1111111-1111-1111-1111-111111111111'), UUID_TO_BIN('d1111111-1111-1111-1111-111111111111')),
(7, CURDATE() + INTERVAL 5 DAY, '13:30:00', '13:50:00', 'CONFIRMED', 'Sleep quality and fatigue', 'Possible stress related issue.', 1, 'FIRST_VISIT', 5, UUID_TO_BIN('e2222222-2222-2222-2222-222222222222'), UUID_TO_BIN('d1111111-1111-1111-1111-111111111111')),
(8, CURDATE() + INTERVAL 6 DAY, '08:00:00', '08:20:00', 'CONFIRMED', 'Cholesterol and diet consultation', 'Family history of heart disease.', 1, 'REVISIT', 6, UUID_TO_BIN('e3333333-3333-3333-3333-333333333333'), UUID_TO_BIN('d1111111-1111-1111-1111-111111111111')),
(9, CURDATE() + INTERVAL 7 DAY, '13:30:00', '13:50:00', 'PENDING', 'Blood sugar monitoring consultation', 'Home readings available.', 1, 'FIRST_VISIT', 7, UUID_TO_BIN('e4444444-4444-4444-4444-444444444444'), UUID_TO_BIN('d1111111-1111-1111-1111-111111111111')),
(10, CURDATE() + INTERVAL 8 DAY, '08:00:00', '08:20:00', 'CONFIRMED', 'Routine preventive checkup', 'No acute symptoms.', 1, 'REVISIT', 8, UUID_TO_BIN('e5555555-5555-5555-5555-555555555555'), UUID_TO_BIN('d1111111-1111-1111-1111-111111111111'));

-- 10 medical records (one for each appointment)
INSERT INTO medical_record (id, title, date, status, icon, icon_bg, icon_color, diagnosis, notes, patient_id, doctor_id, appointment_id) VALUES
(1, 'General Internal Checkup', CURDATE(), 'completed', 'medical_services', 'bg-primary-fixed', 'text-primary', 'Mild tension headache, no neurological red flags.', 'Increase hydration, reduce caffeine, and follow sleep hygiene.', UUID_TO_BIN('e1111111-1111-1111-1111-111111111111'), UUID_TO_BIN('d1111111-1111-1111-1111-111111111111'), 1),
(2, 'Asthma Follow-up', CURDATE(), 'completed', 'monitor_heart', 'bg-primary-fixed', 'text-primary', 'Asthma currently controlled with maintenance inhaler.', 'Continue current regimen and monitor triggers.', UUID_TO_BIN('e2222222-2222-2222-2222-222222222222'), UUID_TO_BIN('d1111111-1111-1111-1111-111111111111'), 2),
(3, 'Digestive Assessment', CURDATE(), 'completed', 'biotech', 'bg-primary-fixed', 'text-primary', 'Likely functional dyspepsia.', 'Trial of acid suppression and meal timing changes.', UUID_TO_BIN('e3333333-3333-3333-3333-333333333333'), UUID_TO_BIN('d1111111-1111-1111-1111-111111111111'), 3),
(4, 'Thyroid Medication Review', CURDATE(), 'completed', 'medication', 'bg-primary-fixed', 'text-primary', 'Stable hypothyroidism under treatment.', 'Repeat TSH in 6 weeks.', UUID_TO_BIN('e4444444-4444-4444-4444-444444444444'), UUID_TO_BIN('d1111111-1111-1111-1111-111111111111'), 4),
(5, 'Dermatology Referral Prep', CURDATE(), 'pending', 'dermatology', 'bg-primary-fixed', 'text-primary', 'Recurrent dermatitis suspected.', 'Avoid known irritants, use moisturizer.', UUID_TO_BIN('e5555555-5555-5555-5555-555555555555'), UUID_TO_BIN('d1111111-1111-1111-1111-111111111111'), 5),
(6, 'Lab Result Review', CURDATE(), 'completed', 'science', 'bg-primary-fixed', 'text-primary', 'Lipid profile slightly elevated LDL.', 'Lifestyle intervention first-line for 3 months.', UUID_TO_BIN('e1111111-1111-1111-1111-111111111111'), UUID_TO_BIN('d1111111-1111-1111-1111-111111111111'), 6),
(7, 'Fatigue Workup', CURDATE(), 'completed', 'schedule', 'bg-primary-fixed', 'text-primary', 'No alarming findings, likely stress and poor sleep.', 'Sleep routine and stress management advised.', UUID_TO_BIN('e2222222-2222-2222-2222-222222222222'), UUID_TO_BIN('d1111111-1111-1111-1111-111111111111'), 7),
(8, 'Nutrition Counseling Visit', CURDATE(), 'completed', 'restaurant', 'bg-primary-fixed', 'text-primary', 'Diet high in saturated fat.', 'Mediterranean-style diet guidance provided.', UUID_TO_BIN('e3333333-3333-3333-3333-333333333333'), UUID_TO_BIN('d1111111-1111-1111-1111-111111111111'), 8),
(9, 'Blood Sugar Screening', CURDATE(), 'pending', 'bloodtype', 'bg-primary-fixed', 'text-primary', 'Prediabetes risk to monitor.', 'Plan fasting glucose and HbA1c follow-up.', UUID_TO_BIN('e4444444-4444-4444-4444-444444444444'), UUID_TO_BIN('d1111111-1111-1111-1111-111111111111'), 9),
(10, 'Preventive Care Follow-up', CURDATE(), 'completed', 'health_and_safety', 'bg-primary-fixed', 'text-primary', 'Overall stable health status.', 'Continue annual screening schedule.', UUID_TO_BIN('e5555555-5555-5555-5555-555555555555'), UUID_TO_BIN('d1111111-1111-1111-1111-111111111111'), 10);

-- 10 prescriptions and 10 details
INSERT INTO prescription (id, diagnosis, notes, appointment_id) VALUES
(1, 'Tension headache', 'Take medicine after meal; monitor sleep.', 1),
(2, 'Stable asthma', 'Use inhaler correctly and avoid dust trigger.', 2),
(3, 'Functional dyspepsia', 'Avoid spicy food and late-night meals.', 3),
(4, 'Hypothyroidism follow-up', 'Do not miss morning dose before breakfast.', 4),
(5, 'Dermatitis symptom relief', 'Use hypoallergenic skincare products.', 5),
(6, 'Borderline hyperlipidemia', 'Prioritize exercise and balanced diet.', 6),
(7, 'Stress-related fatigue', 'Supportive treatment and sleep hygiene.', 7),
(8, 'Diet-related risk', 'Nutritional treatment plan included.', 8),
(9, 'Prediabetes risk', 'Need repeat fasting glucose in 2 weeks.', 9),
(10, 'Preventive supplementation', 'Continue vitamins as advised.', 10);

INSERT INTO prescription_detail (id, medicine_name, frequency, dosage, duration, notes, prescription_id) VALUES
(1, 'Paracetamol 500mg', 'When needed', '1 tablet', '3 days', 'Max 3 tablets per day', 1),
(2, 'Budesonide Inhaler', '2 times/day', '1 puff', '30 days', 'Rinse mouth after use', 2),
(3, 'Omeprazole 20mg', '1 time/day', '1 capsule', '14 days', 'Take before breakfast', 3),
(4, 'Levothyroxine 50mcg', '1 time/day', '1 tablet', '30 days', 'Take on empty stomach', 4),
(5, 'Cetirizine 10mg', '1 time/day', '1 tablet', '7 days', 'Take at night if drowsy', 5),
(6, 'Omega-3 1000mg', '1 time/day', '1 capsule', '30 days', 'Support lipid profile improvement', 6),
(7, 'Vitamin B Complex', '1 time/day', '1 tablet', '21 days', 'After breakfast', 7),
(8, 'Probiotic', '2 times/day', '1 sachet', '10 days', 'Mix with cool water', 8),
(9, 'Metformin 500mg', '1 time/day', '1 tablet', '14 days', 'Start low dose and monitor tolerance', 9),
(10, 'Vitamin D3 1000 IU', '1 time/day', '1 capsule', '60 days', 'Take with meal containing fat', 10);

-- Doctor 1 has exactly 10 reviews
INSERT INTO review (id, rating, comment, patient_id, doctor_id) VALUES
(1, 5, 'Very clear explanation and practical treatment plan.', UUID_TO_BIN('e1111111-1111-1111-1111-111111111111'), UUID_TO_BIN('d1111111-1111-1111-1111-111111111111')),
(2, 5, 'Friendly and careful during consultation.', UUID_TO_BIN('e2222222-2222-2222-2222-222222222222'), UUID_TO_BIN('d1111111-1111-1111-1111-111111111111')),
(3, 4, 'Wait time was acceptable and diagnosis was useful.', UUID_TO_BIN('e3333333-3333-3333-3333-333333333333'), UUID_TO_BIN('d1111111-1111-1111-1111-111111111111')),
(4, 5, 'Doctor listened to all concerns in detail.', UUID_TO_BIN('e4444444-4444-4444-4444-444444444444'), UUID_TO_BIN('d1111111-1111-1111-1111-111111111111')),
(5, 5, 'Follow-up instructions were easy to apply at home.', UUID_TO_BIN('e5555555-5555-5555-5555-555555555555'), UUID_TO_BIN('d1111111-1111-1111-1111-111111111111')),
(6, 5, 'Second visit, still very professional and patient.', UUID_TO_BIN('e1111111-1111-1111-1111-111111111111'), UUID_TO_BIN('d1111111-1111-1111-1111-111111111111')),
(7, 4, 'Good clinic workflow and helpful staff support.', UUID_TO_BIN('e2222222-2222-2222-2222-222222222222'), UUID_TO_BIN('d1111111-1111-1111-1111-111111111111')),
(8, 5, 'Treatment effectiveness was noticeable after one week.', UUID_TO_BIN('e3333333-3333-3333-3333-333333333333'), UUID_TO_BIN('d1111111-1111-1111-1111-111111111111')),
(9, 5, 'Doctor is experienced and communication is excellent.', UUID_TO_BIN('e4444444-4444-4444-4444-444444444444'), UUID_TO_BIN('d1111111-1111-1111-1111-111111111111')),
(10, 5, 'Highly recommended for internal medicine follow-up.', UUID_TO_BIN('e5555555-5555-5555-5555-555555555555'), UUID_TO_BIN('d1111111-1111-1111-1111-111111111111'));

INSERT INTO doctor_certificate (id, name, issued_by, issued_year, image_url, doctor_id) VALUES
(1, 'Medical Practice Certificate', 'Ho Chi Minh City Department of Health', 2019, 'https://images.unsplash.com/photo-1582719478250-c89cae4dc85b', UUID_TO_BIN('d1111111-1111-1111-1111-111111111111')),
(2, 'Advanced Internal Medicine Training', 'University of Medicine and Pharmacy HCM', 2021, 'https://images.unsplash.com/photo-1576091160550-2173dba999ef', UUID_TO_BIN('d1111111-1111-1111-1111-111111111111')),
(3, 'Cardiology Residency Completion', 'Pham Ngoc Thach University', 2020, 'https://images.unsplash.com/photo-1581594693702-fbdc51b2763b', UUID_TO_BIN('d2222222-2222-2222-2222-222222222222')),
(4, 'Dermatology Clinical Fellowship', 'Hanoi Medical University', 2022, 'https://images.unsplash.com/photo-1666214280391-8ff5bd3c0bf0', UUID_TO_BIN('d3333333-3333-3333-3333-333333333333')),
(5, 'Pediatrics Certification', 'Children Hospital 1', 2018, 'https://images.unsplash.com/photo-1516549655169-df83a0774514', UUID_TO_BIN('d4444444-4444-4444-4444-444444444444')),
(6, 'Neurology Specialist Training', 'Cho Ray Hospital', 2017, 'https://images.unsplash.com/photo-1505751172876-fa1923c5c528', UUID_TO_BIN('d5555555-5555-5555-5555-555555555555'));

INSERT INTO payments (id, order_code, amount, description, status, target_type, target_id, checkout_url, qr_code, payos_transaction_id, created_at, paid_at) VALUES
(1, 202604250001, 250000, 'Consultation fee - appointment #1', 'PAID', 'APPOINTMENT', 1, 'https://pay.example.com/checkout/202604250001', 'https://pay.example.com/qr/202604250001', 'PAYOS_TXN_0001', NOW() - INTERVAL 2 DAY, NOW() - INTERVAL 2 DAY),
(2, 202604250002, 250000, 'Consultation fee - appointment #2', 'PAID', 'APPOINTMENT', 2, 'https://pay.example.com/checkout/202604250002', 'https://pay.example.com/qr/202604250002', 'PAYOS_TXN_0002', NOW() - INTERVAL 2 DAY, NOW() - INTERVAL 2 DAY),
(3, 202604250003, 280000, 'Consultation fee - appointment #3', 'PAID', 'APPOINTMENT', 3, 'https://pay.example.com/checkout/202604250003', 'https://pay.example.com/qr/202604250003', 'PAYOS_TXN_0003', NOW() - INTERVAL 1 DAY, NOW() - INTERVAL 1 DAY),
(4, 202604250004, 300000, 'Consultation fee - appointment #4', 'PENDING', 'APPOINTMENT', 4, 'https://pay.example.com/checkout/202604250004', 'https://pay.example.com/qr/202604250004', NULL, NOW() - INTERVAL 8 HOUR, NULL),
(5, 202604250005, 300000, 'Consultation fee - appointment #5', 'PENDING', 'APPOINTMENT', 5, 'https://pay.example.com/checkout/202604250005', 'https://pay.example.com/qr/202604250005', NULL, NOW() - INTERVAL 6 HOUR, NULL),
(6, 202604250006, 120000, 'Vitamin package purchase', 'PAID', 'MEDICAL_SERVICE', 1, 'https://pay.example.com/checkout/202604250006', 'https://pay.example.com/qr/202604250006', 'PAYOS_TXN_0006', NOW() - INTERVAL 3 DAY, NOW() - INTERVAL 3 DAY),
(7, 202604250007, 180000, 'Lab package purchase', 'PAID', 'MEDICAL_SERVICE', 2, 'https://pay.example.com/checkout/202604250007', 'https://pay.example.com/qr/202604250007', 'PAYOS_TXN_0007', NOW() - INTERVAL 1 DAY, NOW() - INTERVAL 1 DAY),
(8, 202604250008, 500000, 'Neurology screening package', 'FAILED', 'MEDICAL_SERVICE', 5, 'https://pay.example.com/checkout/202604250008', 'https://pay.example.com/qr/202604250008', NULL, NOW() - INTERVAL 10 HOUR, NULL),
(9, 202604250009, 250000, 'Consultation fee - appointment #9', 'PENDING', 'APPOINTMENT', 9, 'https://pay.example.com/checkout/202604250009', 'https://pay.example.com/qr/202604250009', NULL, NOW() - INTERVAL 2 HOUR, NULL),
(10, 202604250010, 250000, 'Consultation fee - appointment #10', 'PENDING', 'APPOINTMENT', 10, 'https://pay.example.com/checkout/202604250010', 'https://pay.example.com/qr/202604250010', NULL, NOW() - INTERVAL 1 HOUR, NULL);

-- =========================
-- 3) CONTENT / SYSTEM DATA
-- =========================

INSERT INTO medical_services (id, name, description, icon, category, price, image, created_at, updated_at) VALUES
(1, 'General Checkup Package', 'Basic physical examination with consultation.', 'medical_services', 'CHECKUP', 120000, 'https://images.unsplash.com/photo-1576091160399-112ba8d25d1f', NOW(), NOW()),
(2, 'Cardio Screening Package', 'Blood pressure, ECG, and cardiology consultation.', 'favorite', 'SCREENING', 180000, 'https://images.unsplash.com/photo-1559757175-7cb056fba93f', NOW(), NOW()),
(3, 'Skin Health Package', 'Skin examination and treatment plan.', 'dermatology', 'SPECIALTY', 160000, 'https://images.unsplash.com/photo-1629909613654-28e377c37b09', NOW(), NOW()),
(4, 'Pediatric Wellness Check', 'Growth, nutrition, and vaccination consultation.', 'child_care', 'PEDIATRIC', 200000, 'https://images.unsplash.com/photo-1584515933487-779824d29309', NOW(), NOW()),
(5, 'Neurology Consultation', 'Headache, sleep, and nerve symptom assessment.', 'neurology', 'SPECIALTY', 500000, 'https://images.unsplash.com/photo-1504439468489-c8920d796a29', NOW(), NOW());

INSERT INTO news_articles (id, title, excerpt, content, image, category, author, author_image, published_at, views, featured) VALUES
(1, 'How to Control Blood Pressure at Home', 'Simple daily habits to maintain healthy blood pressure.', 'Detailed guide: low-salt diet, activity tracking, sleep regularity, and periodic measurement.', 'https://images.unsplash.com/photo-1512678080530-7760d81faba6', 'PREVENTIVE_CARE', 'Editorial Team', 'https://images.unsplash.com/photo-1544005313-94ddf0286df2', NOW() - INTERVAL 7 DAY, 1235, TRUE),
(2, 'When to Visit a Dermatologist', 'Recognize warning signs from common skin symptoms.', 'Includes practical checklist for acne, eczema, and suspected infections.', 'https://images.unsplash.com/photo-1559599101-f09722fb4948', 'DERMATOLOGY', 'Dr. Le Quang Quan', 'https://images.unsplash.com/photo-1500648767791-00dcc994a43e', NOW() - INTERVAL 5 DAY, 844, FALSE),
(3, 'Child Fever: Home Care and Red Flags', 'What parents should monitor in first 24 hours.', 'Hydration, temperature logging, and clear thresholds for emergency care.', 'https://images.unsplash.com/photo-1503454537195-1dcabb73ffb9', 'PEDIATRICS', 'Dr. Pham Ngoc Lan', 'https://images.unsplash.com/photo-1494790108377-be9c29b29330', NOW() - INTERVAL 4 DAY, 980, TRUE),
(4, 'Sleep Hygiene for Busy Professionals', 'Evidence-based steps for better sleep quality.', 'Covers caffeine timing, screen light, and bedtime routine adjustments.', 'https://images.unsplash.com/photo-1455642305367-68834a9d39a0', 'NEUROLOGY', 'Dr. Vo Duc Phuc', 'https://images.unsplash.com/photo-1506794778202-cad84cf45f1d', NOW() - INTERVAL 2 DAY, 567, FALSE),
(5, 'Annual Health Checkup Checklist', 'What to prepare before a routine exam.', 'Medication list, recent symptoms, and previous test results to bring.', 'https://images.unsplash.com/photo-1579684385127-1ef15d508118', 'GENERAL_MEDICINE', 'Dr. Nguyen Van Minh', 'https://images.unsplash.com/photo-1508214751196-bcfd4ca60f91', NOW() - INTERVAL 1 DAY, 1502, TRUE);

INSERT INTO banners (id, title, subtitle, image_url, link_url, sort_order, is_active, created_at) VALUES
(1, 'Annual Checkup Campaign', 'Book this month for priority consultation slots.', 'https://images.unsplash.com/photo-1516549655169-df83a0774514', 'https://clinic.local/campaigns/checkup', 1, TRUE, NOW()),
(2, 'Cardio Screening Week', 'Early detection helps prevent major complications.', 'https://images.unsplash.com/photo-1579154204601-01588f351e67', 'https://clinic.local/campaigns/cardio', 2, TRUE, NOW()),
(3, 'Skin Care Consultation', 'Specialized support for acne and dermatitis.', 'https://images.unsplash.com/photo-1629909615184-74f495363b67', 'https://clinic.local/services/dermatology', 3, TRUE, NOW()),
(4, 'Pediatric Vaccination Reminder', 'Keep your child vaccination schedule on time.', 'https://images.unsplash.com/photo-1584515979956-d9f6e5d09982', 'https://clinic.local/services/pediatrics', 4, TRUE, NOW()),
(5, 'Healthy Sleep Program', 'Neurology-backed consultation for sleep quality.', 'https://images.unsplash.com/photo-1455642305367-68834a9d39a0', 'https://clinic.local/services/neurology', 5, TRUE, NOW());

INSERT INTO notifications (id, type, title, message, is_read, patient_id, created_at) VALUES
(1, 'APPOINTMENT', 'Appointment Confirmed', 'Your appointment on schedule #1 has been confirmed.', FALSE, 'PT000001', NOW() - INTERVAL 1 DAY),
(2, 'PAYMENT', 'Payment Successful', 'Order 202604250001 was paid successfully.', TRUE, 'PT000001', NOW() - INTERVAL 1 DAY),
(3, 'REMINDER', 'Upcoming Visit Reminder', 'You have an appointment tomorrow at 08:00.', FALSE, 'PT000002', NOW() - INTERVAL 12 HOUR),
(4, 'SYSTEM', 'Profile Update', 'Please review and update allergy information if needed.', FALSE, 'PT000003', NOW() - INTERVAL 6 HOUR),
(5, 'APPOINTMENT', 'Appointment Pending Confirmation', 'Your booking request is waiting for clinic confirmation.', FALSE, 'PT000004', NOW() - INTERVAL 2 HOUR);

INSERT INTO settings (setting_key, value, value_type, description, updated_at) VALUES
('site_name', 'NHB Clinic', 'STRING', 'Brand name shown on website and email templates.', NOW()),
('hotline', '19001234', 'STRING', 'Customer support hotline.', NOW()),
('appointment_slot_minutes', '20', 'NUMBER', 'Default appointment slot duration in minutes.', NOW()),
('max_daily_booking_per_patient', '3', 'NUMBER', 'Limit number of bookings per patient per day.', NOW()),
('maintenance_mode', 'false', 'BOOLEAN', 'Set true to show maintenance page.', NOW());

INSERT INTO audit_logs (id, user_id, user_name, action, entity, entity_id, old_value, new_value, ip_address, created_at) VALUES
(1, 101, 'dr.minh', 'CREATE', 'Appointment', 1, '{}', '{"status":"CONFIRMED"}', '10.10.1.21', NOW() - INTERVAL 1 DAY),
(2, 101, 'dr.minh', 'UPDATE', 'Appointment', 2, '{"status":"PENDING"}', '{"status":"CONFIRMED"}', '10.10.1.21', NOW() - INTERVAL 1 DAY),
(3, 201, 'pt.ngocanh', 'CREATE', 'Payment', 1, '{}', '{"status":"PAID"}', '10.10.2.11', NOW() - INTERVAL 20 HOUR),
(4, 202, 'pt.minhchau', 'CREATE', 'Review', 7, '{}', '{"rating":4}', '10.10.2.12', NOW() - INTERVAL 6 HOUR),
(5, 301, 'system', 'UPDATE', 'Settings', 0, '{"maintenance_mode":"true"}', '{"maintenance_mode":"false"}', '127.0.0.1', NOW() - INTERVAL 1 HOUR);

INSERT INTO invalidate_token (id, expiration_time) VALUES
('revoked-jwt-0001', NOW() + INTERVAL 1 DAY),
('revoked-jwt-0002', NOW() + INTERVAL 2 DAY),
('revoked-jwt-0003', NOW() + INTERVAL 3 DAY),
('revoked-jwt-0004', NOW() + INTERVAL 5 DAY),
('revoked-jwt-0005', NOW() + INTERVAL 7 DAY);


